{"A_calib": -103.34621839637329, "B_calib": 69.33063632558833}